{"cameraMode":{"drawMode":0,"name":"Shaded","section":"Shading Mode"},"sceneLighting":true,"audioPlay":false,"sceneViewState":{"showFog":true,"showMaterialUpdate":false,"showSkybox":false,"showFlares":true,"showImageEffects":true,"showParticleSystems":true},"in2DMode":false,"pivot":{"x":-13.819450378417969,"y":3.2634708881378176,"z":4.978489875793457},"rotation":{"x":0.37434354424476626,"y":0.5863244533538818,"z":-0.34978756308555605,"w":0.6274864077568054},"size":9.637089729309082,"orthographic":false}