{"cameraMode":{"drawMode":0,"name":"Shaded","section":"Shading Mode"},"sceneLighting":true,"audioPlay":false,"sceneViewState":{"showFog":true,"showMaterialUpdate":false,"showSkybox":false,"showFlares":true,"showImageEffects":true,"showParticleSystems":true},"in2DMode":false,"pivot":{"x":-16.5450496673584,"y":5.878198146820068,"z":5.289187908172607},"rotation":{"x":0.0396137610077858,"y":-0.9395349025726318,"z":0.31960776448249819,"w":0.1164296492934227},"size":28.59544563293457,"orthographic":true}