{"cameraMode":{"drawMode":0,"name":"Shaded","section":"Shading Mode"},"sceneLighting":true,"audioPlay":false,"sceneViewState":{"showFog":true,"showMaterialUpdate":false,"showSkybox":false,"showFlares":true,"showImageEffects":true,"showParticleSystems":true},"in2DMode":false,"pivot":{"x":-13.735771179199219,"y":2.453763484954834,"z":7.239580154418945},"rotation":{"x":0.0396137610077858,"y":-0.9395349025726318,"z":0.31960776448249819,"w":0.1164296492934227},"size":29.898868560791017,"orthographic":true}