{"cameraMode":{"drawMode":0,"name":"Shaded","section":"Shading Mode"},"sceneLighting":true,"audioPlay":false,"sceneViewState":{"showFog":true,"showMaterialUpdate":false,"showSkybox":false,"showFlares":true,"showImageEffects":true,"showParticleSystems":true},"in2DMode":false,"pivot":{"x":0.9938971996307373,"y":-0.20667201280593873,"z":-0.07551121711730957},"rotation":{"x":0.29720738530158999,"y":-0.3981366753578186,"z":0.13810820877552033,"w":0.8567853569984436},"size":19.63665008544922,"orthographic":false}