{"cameraMode":{"drawMode":0,"name":"Shaded","section":"Shading Mode"},"sceneLighting":false,"audioPlay":false,"sceneViewState":{"showFog":true,"showMaterialUpdate":false,"showSkybox":false,"showFlares":true,"showImageEffects":true,"showParticleSystems":true},"in2DMode":false,"pivot":{"x":0.8061537742614746,"y":2.22278094291687,"z":1.4083255529403687},"rotation":{"x":-0.04405668005347252,"y":-0.6007029414176941,"z":-0.033182937651872638,"w":0.7975674867630005},"size":3.3170254230499269,"orthographic":false}