{"cameraMode":{"drawMode":0,"name":"Shaded","section":"Shading Mode"},"sceneLighting":false,"audioPlay":false,"sceneViewState":{"showFog":true,"showMaterialUpdate":false,"showSkybox":false,"showFlares":true,"showImageEffects":true,"showParticleSystems":true},"in2DMode":false,"pivot":{"x":-13.45339298248291,"y":1.7532895803451539,"z":6.518529891967773},"rotation":{"x":-0.0030156834982335569,"y":-0.693591296672821,"z":-0.002904721535742283,"w":0.7203566431999207},"size":2.1137003898620607,"orthographic":false}