{"cameraMode":{"drawMode":0,"name":"Shaded","section":"Shading Mode"},"sceneLighting":false,"audioPlay":false,"sceneViewState":{"showFog":true,"showMaterialUpdate":false,"showSkybox":false,"showFlares":true,"showImageEffects":true,"showParticleSystems":true},"in2DMode":false,"pivot":{"x":-13.653569221496582,"y":2.211505889892578,"z":7.03630256652832},"rotation":{"x":-0.0030156834982335569,"y":-0.693591296672821,"z":-0.002904721535742283,"w":0.7203566431999207},"size":16.4262752532959,"orthographic":false}