{"cameraMode":{"drawMode":0,"name":"Shaded","section":"Shading Mode"},"sceneLighting":false,"audioPlay":false,"sceneViewState":{"showFog":true,"showMaterialUpdate":false,"showSkybox":false,"showFlares":true,"showImageEffects":true,"showParticleSystems":true},"in2DMode":false,"pivot":{"x":15.534042358398438,"y":-69.87677001953125,"z":-79.318115234375},"rotation":{"x":-0.004790181759744883,"y":0.9951895475387573,"z":-0.06518197059631348,"w":-0.0729806125164032},"size":731.2120971679688,"orthographic":false}