{"cameraMode":{"drawMode":0,"name":"Shaded","section":"Shading Mode"},"sceneLighting":false,"audioPlay":false,"sceneViewState":{"showFog":true,"showMaterialUpdate":false,"showSkybox":false,"showFlares":true,"showImageEffects":true,"showParticleSystems":true},"in2DMode":false,"pivot":{"x":-0.37473392486572268,"y":0.9692600965499878,"z":-0.2029595971107483},"rotation":{"x":0.09318383783102036,"y":-0.7482016086578369,"z":0.10758815705776215,"w":0.6480246782302856},"size":2.969815731048584,"orthographic":false}