{"cameraMode":{"drawMode":0,"name":"Shaded","section":"Shading Mode"},"sceneLighting":false,"audioPlay":false,"sceneViewState":{"showFog":true,"showMaterialUpdate":false,"showSkybox":false,"showFlares":true,"showImageEffects":true,"showParticleSystems":true},"in2DMode":false,"pivot":{"x":-10.40969467163086,"y":1.6208093166351319,"z":6.594560623168945},"rotation":{"x":0.045947086066007617,"y":0.9167718887329102,"z":-0.11054518073797226,"w":0.3810485899448395},"size":13.183525085449219,"orthographic":false}