{"cameraMode":{"drawMode":0,"name":"Shaded","section":"Shading Mode"},"sceneLighting":false,"audioPlay":false,"sceneViewState":{"showFog":true,"showMaterialUpdate":false,"showSkybox":false,"showFlares":true,"showImageEffects":true,"showParticleSystems":true},"in2DMode":false,"pivot":{"x":-2.2625350952148439,"y":5.127452850341797,"z":0.4048495292663574},"rotation":{"x":0.10806198418140412,"y":-0.7284255623817444,"z":0.11816342175006867,"w":0.6661503911018372},"size":32.694095611572269,"orthographic":false}