{"cameraMode":{"drawMode":0,"name":"Shaded","section":"Shading Mode"},"sceneLighting":false,"audioPlay":false,"sceneViewState":{"showFog":true,"showMaterialUpdate":false,"showSkybox":false,"showFlares":true,"showImageEffects":true,"showParticleSystems":true},"in2DMode":false,"pivot":{"x":-0.9879302978515625,"y":4.171385288238525,"z":7.523162841796875},"rotation":{"x":-0.054494403302669528,"y":-0.48512929677963259,"z":0.030321331694722177,"w":-0.8722158670425415},"size":45.90568161010742,"orthographic":false}