{"cameraMode":{"drawMode":0,"name":"Shaded","section":"Shading Mode"},"sceneLighting":true,"audioPlay":false,"sceneViewState":{"showFog":true,"showMaterialUpdate":false,"showSkybox":false,"showFlares":true,"showImageEffects":true,"showParticleSystems":true},"in2DMode":false,"pivot":{"x":12.587265014648438,"y":-0.5858474969863892,"z":-19.95503044128418},"rotation":{"x":-0.03923475742340088,"y":0.499342679977417,"z":-0.022642560303211213,"w":-0.8652195334434509},"size":23.893863677978517,"orthographic":false}