{"cameraMode":{"drawMode":0,"name":"Shaded","section":"Shading Mode"},"sceneLighting":false,"audioPlay":false,"sceneViewState":{"showFog":true,"showMaterialUpdate":false,"showSkybox":false,"showFlares":true,"showImageEffects":true,"showParticleSystems":true},"in2DMode":false,"pivot":{"x":-0.09788143634796143,"y":0.6593871116638184,"z":-0.19900023937225343},"rotation":{"x":-0.012807455845177174,"y":0.9639678001403809,"z":-0.04717554524540901,"w":-0.26148921251296999},"size":0.8999430537223816,"orthographic":false}