{"cameraMode":{"drawMode":0,"name":"Shaded","section":"Shading Mode"},"sceneLighting":true,"audioPlay":false,"sceneViewState":{"showFog":true,"showMaterialUpdate":false,"showSkybox":true,"showFlares":true,"showImageEffects":true,"showParticleSystems":true},"in2DMode":false,"pivot":{"x":-92.4209213256836,"y":-87.00623321533203,"z":55.69856643676758},"rotation":{"x":0.31763407588005068,"y":-0.6151722073554993,"z":0.2971670925617218,"w":0.6575435996055603},"size":180.9453887939453,"orthographic":false}