{"cameraMode":{"drawMode":0,"name":"Shaded","section":"Shading Mode"},"sceneLighting":false,"audioPlay":false,"sceneViewState":{"showFog":true,"showMaterialUpdate":false,"showSkybox":false,"showFlares":true,"showImageEffects":true,"showParticleSystems":true},"in2DMode":false,"pivot":{"x":0.15827643871307374,"y":0.14990729093551637,"z":-0.6684221029281616},"rotation":{"x":-0.05182008072733879,"y":0.8850255012512207,"z":-0.1016111671924591,"w":-0.45135313272476199},"size":2.9097683429718019,"orthographic":false}