{"cameraMode":{"drawMode":0,"name":"Shaded","section":"Shading Mode"},"sceneLighting":false,"audioPlay":false,"sceneViewState":{"showFog":true,"showMaterialUpdate":false,"showSkybox":false,"showFlares":true,"showImageEffects":true,"showParticleSystems":true},"in2DMode":false,"pivot":{"x":1.355330467224121,"y":0.22734642028808595,"z":-4.088227272033691},"rotation":{"x":-0.6713362336158752,"y":0.0672745481133461,"z":0.7355360388755798,"w":0.061388496309518817},"size":12.354394912719727,"orthographic":false}