{"cameraMode":{"drawMode":0,"name":"Shaded","section":"Shading Mode"},"sceneLighting":true,"audioPlay":false,"sceneViewState":{"showFog":true,"showMaterialUpdate":false,"showSkybox":true,"showFlares":true,"showImageEffects":true,"showParticleSystems":true},"in2DMode":false,"pivot":{"x":-23.7832088470459,"y":12.111513137817383,"z":76.11714172363281},"rotation":{"x":0.08980394154787064,"y":-0.20054695010185243,"z":0.018464652821421624,"w":0.9753846526145935},"size":42.356075286865237,"orthographic":false}