{"cameraMode":{"drawMode":0,"name":"Shaded","section":"Shading Mode"},"sceneLighting":true,"audioPlay":false,"sceneViewState":{"showFog":true,"showMaterialUpdate":false,"showSkybox":true,"showFlares":true,"showImageEffects":true,"showParticleSystems":true},"in2DMode":false,"pivot":{"x":-58.01454544067383,"y":-5.430761337280273,"z":75.10639953613281},"rotation":{"x":-0.1645604372024536,"y":0.834260106086731,"z":-0.34702441096305849,"w":-0.3956058919429779},"size":28.6898136138916,"orthographic":false}