{"cameraMode":{"drawMode":0,"name":"Shaded","section":"Shading Mode"},"sceneLighting":false,"audioPlay":false,"sceneViewState":{"showFog":true,"showMaterialUpdate":false,"showSkybox":false,"showFlares":true,"showImageEffects":true,"showParticleSystems":true},"in2DMode":false,"pivot":{"x":1.1992796659469605,"y":0.41658663749694826,"z":0.4186675548553467},"rotation":{"x":0.020230552181601526,"y":-0.9709987044334412,"z":0.22102953493595124,"w":0.08887232095003128},"size":5.7000579833984379,"orthographic":false}