{"cameraMode":{"drawMode":0,"name":"Shaded","section":"Shading Mode"},"sceneLighting":false,"audioPlay":false,"sceneViewState":{"showFog":true,"showMaterialUpdate":false,"showSkybox":false,"showFlares":true,"showImageEffects":true,"showParticleSystems":true},"in2DMode":false,"pivot":{"x":0.3552579879760742,"y":3.4679298400878908,"z":2.323479175567627},"rotation":{"x":-0.06087237596511841,"y":-0.3281835615634918,"z":0.021198078989982606,"w":-0.942412257194519},"size":8.772974967956543,"orthographic":false}