{"cameraMode":{"drawMode":0,"name":"Shaded","section":"Shading Mode"},"sceneLighting":false,"audioPlay":false,"sceneViewState":{"showFog":true,"showMaterialUpdate":false,"showSkybox":false,"showFlares":true,"showImageEffects":true,"showParticleSystems":true},"in2DMode":false,"pivot":{"x":-0.7420438528060913,"y":1.4890961647033692,"z":0.3765134811401367},"rotation":{"x":0.1440085768699646,"y":-0.1581040769815445,"z":0.023303816094994546,"w":0.9765867590904236},"size":8.621587753295899,"orthographic":false}