{"cameraMode":{"drawMode":0,"name":"Shaded","section":"Shading Mode"},"sceneLighting":true,"audioPlay":false,"sceneViewState":{"showFog":true,"showMaterialUpdate":false,"showSkybox":false,"showFlares":true,"showImageEffects":true,"showParticleSystems":true},"in2DMode":false,"pivot":{"x":0.25986814498901369,"y":3.362563133239746,"z":-1.4430590867996216},"rotation":{"x":-0.10768914222717285,"y":0.8867091536521912,"z":-0.2606496512889862,"w":-0.3663492500782013},"size":8.245333671569825,"orthographic":false}