{"cameraMode":{"drawMode":0,"name":"Shaded","section":"Shading Mode"},"sceneLighting":false,"audioPlay":false,"sceneViewState":{"showFog":true,"showMaterialUpdate":false,"showSkybox":false,"showFlares":true,"showImageEffects":true,"showParticleSystems":true},"in2DMode":false,"pivot":{"x":-10.84000015258789,"y":0.8999999761581421,"z":5.710000038146973},"rotation":{"x":0.13851270079612733,"y":0.7996836304664612,"z":-0.202065572142601,"w":0.5481695532798767},"size":5.7157673835754398,"orthographic":false}