{"cameraMode":{"drawMode":0,"name":"Shaded","section":"Shading Mode"},"sceneLighting":false,"audioPlay":false,"sceneViewState":{"showFog":true,"showMaterialUpdate":false,"showSkybox":false,"showFlares":true,"showImageEffects":true,"showParticleSystems":true},"in2DMode":false,"pivot":{"x":-12.792338371276856,"y":3.5355448722839357,"z":8.47690486907959},"rotation":{"x":0.12354206293821335,"y":0.7987510561943054,"z":0.5620582103729248,"w":-0.17556948959827424},"size":11.059285163879395,"orthographic":false}