{"cameraMode":{"drawMode":0,"name":"Shaded","section":"Shading Mode"},"sceneLighting":true,"audioPlay":false,"sceneViewState":{"showFog":true,"showMaterialUpdate":false,"showSkybox":false,"showFlares":true,"showImageEffects":true,"showParticleSystems":true},"in2DMode":false,"pivot":{"x":15.492019653320313,"y":3.2291386127471926,"z":-15.39719009399414},"rotation":{"x":0.0433349646627903,"y":-0.2908913791179657,"z":0.013189415447413922,"w":0.955683171749115},"size":10.280253410339356,"orthographic":false}