{"cameraMode":{"drawMode":0,"name":"Shaded","section":"Shading Mode"},"sceneLighting":false,"audioPlay":false,"sceneViewState":{"showFog":true,"showMaterialUpdate":false,"showSkybox":false,"showFlares":true,"showImageEffects":true,"showParticleSystems":true},"in2DMode":false,"pivot":{"x":-0.7706520557403565,"y":1.4557911157608033,"z":-0.6610333919525147},"rotation":{"x":0.1715065985918045,"y":0.6915477514266968,"z":-0.17451725900173188,"w":0.6796255707740784},"size":2.492666721343994,"orthographic":true}