{"cameraMode":{"drawMode":0,"name":"Shaded","section":"Shading Mode"},"sceneLighting":false,"audioPlay":false,"sceneViewState":{"showFog":true,"showMaterialUpdate":false,"showSkybox":false,"showFlares":true,"showImageEffects":true,"showParticleSystems":true},"in2DMode":false,"pivot":{"x":-0.1497783660888672,"y":0.45010703802108767,"z":-0.6992318630218506},"rotation":{"x":0.05903942510485649,"y":-0.6980485320091248,"z":0.05794224143028259,"w":0.7112561464309692},"size":1.9256069660186768,"orthographic":false}