{"cameraMode":{"drawMode":0,"name":"Shaded","section":"Shading Mode"},"sceneLighting":true,"audioPlay":false,"sceneViewState":{"showFog":true,"showMaterialUpdate":false,"showSkybox":true,"showFlares":true,"showImageEffects":true,"showParticleSystems":true},"in2DMode":false,"pivot":{"x":-51.54362106323242,"y":-7.857069969177246,"z":102.56163024902344},"rotation":{"x":-0.15648125112056733,"y":-0.029314037412405015,"z":0.004647601395845413,"w":-0.987234890460968},"size":51.443450927734378,"orthographic":false}