{"cameraMode":{"drawMode":0,"name":"Shaded","section":"Shading Mode"},"sceneLighting":false,"audioPlay":false,"sceneViewState":{"showFog":true,"showMaterialUpdate":false,"showSkybox":false,"showFlares":true,"showImageEffects":true,"showParticleSystems":true},"in2DMode":false,"pivot":{"x":-42.04253005981445,"y":1.9002315998077393,"z":70.72489166259766},"rotation":{"x":0.33247363567352297,"y":0.12957817316055299,"z":-0.046173494309186938,"w":0.9330266714096069},"size":5.151211261749268,"orthographic":false}