{"cameraMode":{"drawMode":0,"name":"Shaded","section":"Shading Mode"},"sceneLighting":false,"audioPlay":false,"sceneViewState":{"showFog":true,"showMaterialUpdate":false,"showSkybox":false,"showFlares":true,"showImageEffects":true,"showParticleSystems":true},"in2DMode":false,"pivot":{"x":-3.406883955001831,"y":0.1724875569343567,"z":4.417486190795898},"rotation":{"x":-0.010204318910837174,"y":-0.9433367252349854,"z":0.029165996238589288,"w":-0.33039528131484988},"size":-1.3711135387420655,"orthographic":false}