{"cameraMode":{"drawMode":0,"name":"Shaded","section":"Shading Mode"},"sceneLighting":false,"audioPlay":false,"sceneViewState":{"showFog":true,"showMaterialUpdate":false,"showSkybox":false,"showFlares":true,"showImageEffects":true,"showParticleSystems":true},"in2DMode":false,"pivot":{"x":-0.7598464488983154,"y":0.1025385856628418,"z":0.048355937004089358},"rotation":{"x":0.09906578063964844,"y":-0.8327346444129944,"z":0.15826714038848878,"w":0.5212394595146179},"size":3.2276952266693117,"orthographic":false}