{"cameraMode":{"drawMode":0,"name":"Shaded","section":"Shading Mode"},"sceneLighting":false,"audioPlay":false,"sceneViewState":{"showFog":true,"showMaterialUpdate":false,"showSkybox":false,"showFlares":true,"showImageEffects":true,"showParticleSystems":true},"in2DMode":false,"pivot":{"x":-12.849651336669922,"y":1.4897661209106446,"z":2.9455270767211916},"rotation":{"x":0.049577746540308,"y":0.9476549029350281,"z":-0.18274541199207307,"w":0.25709202885627749},"size":9.331683158874512,"orthographic":false}