{"cameraMode":{"drawMode":0,"name":"Shaded","section":"Shading Mode"},"sceneLighting":false,"audioPlay":false,"sceneViewState":{"showFog":true,"showMaterialUpdate":false,"showSkybox":false,"showFlares":true,"showImageEffects":true,"showParticleSystems":true},"in2DMode":false,"pivot":{"x":649.88720703125,"y":-86.11079406738281,"z":-442.678466796875},"rotation":{"x":-0.030049441382288934,"y":-0.8860687017440796,"z":0.05804034695029259,"w":-0.45892322063446047},"size":836.768798828125,"orthographic":false}