{"cameraMode":{"drawMode":0,"name":"Shaded","section":"Shading Mode"},"sceneLighting":false,"audioPlay":false,"sceneViewState":{"showFog":true,"showMaterialUpdate":false,"showSkybox":false,"showFlares":true,"showImageEffects":true,"showParticleSystems":true},"in2DMode":false,"pivot":{"x":-0.2695821225643158,"y":-0.8226451873779297,"z":1.6107888221740723},"rotation":{"x":0.6641549468040466,"y":0.23784597218036652,"z":-0.23643963038921357,"w":0.6681495308876038},"size":5.699943542480469,"orthographic":false}