{"cameraMode":{"drawMode":0,"name":"Shaded","section":"Shading Mode"},"sceneLighting":false,"audioPlay":false,"sceneViewState":{"showFog":true,"showMaterialUpdate":false,"showSkybox":false,"showFlares":true,"showImageEffects":true,"showParticleSystems":true},"in2DMode":false,"pivot":{"x":-0.663754940032959,"y":2.2898387908935549,"z":3.030294179916382},"rotation":{"x":0.015872018411755563,"y":-0.0629505142569542,"z":0.0009908287320286036,"w":0.9978899955749512},"size":4.26519775390625,"orthographic":false}