{"cameraMode":{"drawMode":0,"name":"Shaded","section":"Shading Mode"},"sceneLighting":false,"audioPlay":false,"sceneViewState":{"showFog":true,"showMaterialUpdate":false,"showSkybox":false,"showFlares":true,"showImageEffects":true,"showParticleSystems":true},"in2DMode":false,"pivot":{"x":1.0115532875061036,"y":2.2754507064819338,"z":0.8062119483947754},"rotation":{"x":0.12555010616779328,"y":0.24405458569526673,"z":-0.031892430037260059,"w":0.9610709547996521},"size":6.0452351570129398,"orthographic":false}