{"cameraMode":{"drawMode":0,"name":"Shaded","section":"Shading Mode"},"sceneLighting":false,"audioPlay":false,"sceneViewState":{"showFog":true,"showMaterialUpdate":false,"showSkybox":false,"showFlares":true,"showImageEffects":true,"showParticleSystems":true},"in2DMode":false,"pivot":{"x":0.0022824034094810488,"y":1.1220687627792359,"z":-0.03971399366855621},"rotation":{"x":-0.21458253264427186,"y":0.5788997411727905,"z":0.7699370980262756,"w":0.16132666170597077},"size":2.0900840759277345,"orthographic":false}